,question,benchmark
0,где почитать отзывы на элективы?,"Прежде, чем выбрать элективы, рекомендуем почитать отзывы на сервисе «Отзывус»:  https://electives.utmn.ru . Там же можно написать о своём опыте изучения элективных дисциплин. Информация, о том, как поменять электив, отправляется на корпоративную почту в первую учебную неделю семестра. Элективы 2023.PDF"
1,когда можно поменять элективы?,"Прежде, чем выбрать элективы, рекомендуем почитать отзывы на сервисе «Отзывус»:  https://electives.utmn.ru . Там же можно написать о своём опыте изучения элективных дисциплин. Информация, о том, как поменять электив, отправляется на корпоративную почту в первую учебную неделю семестра. Элективы 2023.PDF"
2,как выбрать электив?,"Прежде, чем выбрать элективы, рекомендуем почитать отзывы на сервисе «Отзывус»:  https://electives.utmn.ru . Там же можно написать о своём опыте изучения элективных дисциплин. Информация, о том, как поменять электив, отправляется на корпоративную почту в первую учебную неделю семестра. Элективы 2023.PDF"
3,"что делать, если военкомат просит справку?","Вам необходимо обратиться в Отдел мобилизационной подготовки по адресу: ул. Перекопская, 15А каб.408  Телефон: (3452) 59-75-83"
4,где посмотреть отзывы на элективы?,"Прежде, чем выбрать элективы, рекомендуем почитать отзывы на сервисе «Отзывус»:  https://electives.utmn.ru . Там же можно написать о своём опыте изучения элективных дисциплин. Информация, о том, как поменять электив, отправляется на корпоративную почту в первую учебную неделю семестра. Элективы 2023.PDF"
5,как перевестись на другое направление?,"Заявления о переводе принимаются два раза в год, как правило:   для студентов очной и очно–заочной форм обучения 2 курса и последующих: с одной образовательной программы на иную в течение 2 (двух) недель после окончания летней/зимней промежуточной аттестации в соответствии с календарным учебным графиком, 1 курса (1 семестр);  с одной образовательной программы на иную в течение 2 (двух) недель от начала семестра в соответствии с календарным учебным графиком, 1 курса (2 семестр);  в течение 2 (двух) недель после окончания летней промежуточной аттестации в соответствии с календарным учебным графиком;  с одной формы обучения на другую: с очной на очно-заочную, с очно-заочной на очную – в течение 2 (двух) недель после окончания летней/зимней промежуточной аттестации в соответствии с календарным учебным графиком;  с очной/очно-заочной формы обучения на заочную с 1 сентября соответствующего календарного года, но не позднее, чем за 2 (два) месяца до начала промежуточной аттестации/практики текущего семестра (триместра, модуля) в соответствии с календарным учебным графиком;  для студентов заочной формы обучения: с одной образовательной программы на иную не позднее, чем за 2 (два) месяца до начала промежуточной аттестации/практики текущего семестра (триместра, модуля) иной образовательной программы;  с одной формы обучения на другую; с заочной на очную/очно – заочную форму обучения в первые 2 (две) недели начала семестра по очной/ очно – заочной форме обучения в соответствии с календарным учебным графиком. Пакет документов для перевода: Заявление о переводе Заявление на перезачет с оценки ""зачтено"" на ""удовлетворительно""  Бланки заявлений можно скачать по ссылке  https://www.utmn.ru/o-tyumgu/organizatsionnaya-skhema-tyumgu/edinyy-dekanat/blanki-zayavleniy/perevod-vnutri/   Заявления Вы можете подать лично в «Едином деканате» по адресу ул.Семакова, д.18 (3 этаж, холл) или направить на электронную почту  ed@utmn.ru"
6,сколько баллов нужно на какую оценку?,"Документ подписан простой электронной подписью
Информация о владельце:
ФИО: Романчук Иван Сергеевич
Должность: Ректор
Дата подписания: 10.06.2022 15:45:39
Уникальный программный ключ:
6319edc2b582ffdacea443f01d5779368d0957ac34f5cd074d81181530452479 1. ОБЩИЕ ПОЛОЖЕНИЯ  
 
1.1. Настоящее Положение о текущем контроле успеваемости  
и промежуточной аттестации обучающихся федерального государственного 
автономного образовательного учреждения высшего образования «Тюменский 
государственный университет» (далее – Поло жение) определяет правила 
проведения текущего контроля успеваемости, промежуточной аттестации 
обучающихся, ведения документации, ликвидации академической 
задолженности по образовательным программам среднего профессионального 
и высшего образования, за исклю чением программ подготовки научно -
педагогических кадров в аспирантуре.  
1.2. Настоящее Положение разработано в соответствии  с: 
− Федеральным законом от 29.12.2012 № 273 -ФЗ «Об образовании 
в Российской Федерации» ; 
− приказом Министерства образования и науки Российско й Федерации  
от 05.04.2017 № 301 «Об утверждении Порядка организации и осуществления 
образовательной деятельности по образовательным программам высшего 
образования  – программам бакалавриата, программам специалитета, 
программам магистратуры» ; 
− приказом Минист ерства образовании и науки Российской Федерации 
от 14.06.2013 № 464 «Об утверждении Порядка организации и осуществления 
образовательной деятельности по образовательным программам среднего 
профессионального образования» ; 
− письмом Министерства  общего и профес сионального образования 
Российской Федерации от 05.04.1999 № 16 -52-59ин/16 -13 «О рекомендациях 
по организации промежуточной аттестации студентов в образовательных 
учреждениях среднего профессионального образования» ; 
− федеральными государственными образовате льными стандартами 
высшего образования (далее – ФГОС ВО) ; 
− локальными нормативными актами  ФГАОУ ВО  «Тюменский 
государственный университет» (далее – Университет).  
1.3. Периоды, продолжительность и количество экзаменационных сессий 
(учебно -экзаменационных сессий)  (далее – сессия) в учебном году всех форм 
обучения устанавливаются на каждом курсе в соответствии с учебным планом 
(индивидуальным учебным планом) и календарным учебным графиком 
(индивидуальным календарным учебным графиком).  
1.4. Настоящее Положение распростр аняется на все структурные 
подразделения Университета  (включая филиалы ), осуществляющие подготовку  
по образовательным программам среднего профессионального   
(далее – ОП СПО)  и высшего образования  (далее – ОП ВО) . Текущий контроль 
успеваемости и промежуточ ная аттестация в  Школе перспективных 
исследований , а также в структурных подразделениях Университета,  
в которых реализацию программ высшего образования сопровождает  
Центр дистанционного образования,  проводятся  с учетом особенностей 3 
организации образовател ьного  процесса , определенных  отдельными 
локальными нормативными актами Университета . Промежуточная аттестация 
по отдельным дисциплинам (модулям)  по ОП ВО , реализуемым  
по индивидуальным образовательным траекториям, проводится с учетом 
особенностей, установл енных локальными нормативными актами 
Университета и утвержденными в установленном порядке.  
1.5. Информация о результатах освоения обучающимся головного 
Университета образовательной программы  отображается  в электронной 
зачетной книжке, в филиалах Университета фи ксируется в зачетной книжке  
на бумажном формате . 
 
2. ОСНОВНЫЕ  ТЕРМИНЫ  И ОПРЕДЕЛЕНИЯ  
 
2.1. Промежуточная аттестация – это часть образовательного процесса, 
направленная на оценивание промежуточных и окончательных результатов 
обучения по дисциплинам (модулям) и прох ождения практик (в том числе 
результатов курсового проектирования (выполнения курсовых работ) и научно -
исследовательских работ (далее – НИР ), которая проводится после окончания  
освоения обучающимся теоретической и практической части дисциплин 
(модулей) и п рохождения практик и является завершающим этапом 
установленного периода обучения (семестра, триместра, модуля). 
Промежуточная аттестация обучающегося Университета проводится в форме 
экзамена, зачета, дифференцированного зачета для ОП ВО, контрольной 
работы  и комплексного экзамена/зачета /дифференцированного зачета  
для ОП СПО (далее – экзамена (зачета)), по дисциплинам (модулям), защите 
курсовой работы (проекта), отчету о результатах практики, НИР.  
2.2. Академическая задолженность – это неудовлетворительные 
резуль таты промежуточной аттестации по одной или нескольким дисциплинам 
(модулям), практикам, курсов ым работ ам (проект ам), НИР  образовательной 
программы , или непрохождение промежуточной аттестации в сроки, 
установленные календарным учебным графиком (индивидуальн ым 
календарным учебным графиком), расписаниями зачетов и экзаменов (сессии) 
при отсутствии уважительн ой причин ы.  
2.3. Академическая разница – это разница по дисциплинам ( модулям, 
практикам), изученным ранее обучающимся и подлежащим изучению  
по индивидуальному  учебному плану . 
2.4. Зачет – это форма промежуточной аттестации по учебной 
дисциплине (модулю), практике, НИР  имеющая цель оценить качество работы 
обучающегося и достижение им планируемых результатов обучения  
по дисциплине (модулю), планируемых результатов пр охождения практики, 
НИР.  
2.5. Экзамен (дифференцированный зачет) – это форма промежуточной 
аттестации по учебной дисциплине (модулю), практике,  имеющая цель 
дифференцированно оценить качество работы обучающегося и полноту 
сформированных компетенций. 4 
2.6. Защита курс овой работы и отчета по практике, НИР – это формы 
промежуточной аттестации, предназначенные для оценки качества выполнения 
обучающимся курсовой работы, задания по учебной, производственной (в том 
числе преддипломной (при наличии) практикам, НИР.  
2.7. Контрольна я работа – это форма контроля знаний обучающегося  
по дисциплинам (модулям), которые в основном предполагают решение 
практических задач. Для ОП СПО является формой промежуточной аттестации.  
2.8. Комплексный экзамен/зачет/дифференцированный зачет – это форма 
промежуточной аттестации для ОП СПО, имеющая цель оценить знания  
по нескольким междисциплинарным курсам одновременно.  
2.9. Апелляция – это аргументированное письменное заявление 
обучающегося о нарушении процедуры проведения экзамена  (зачета) , 
приведшей к снижению оценки, либо в случае несогласия обучающегося  
с выставленной на экзамене (зачете) оценкой , касающегося  содержани я ответа  
обучающегося . 
2.10. Зачетная книжка (электронная зачетная книжка) – это документ  
обучающегося  (электронная форма документа обучающегося) , в котором 
фиксируются результаты освоения им образовательной программы , в течение 
всего периода обучения в Университете.  
2.11. Зачетная неделя – это период, в течение которого проводится 
промежуточная аттестация в форме зачетов (дифференцированных зачетов).  
2.12. Зачетн о–экзаменационная ведомость  (электронная ведомость)  
(далее – ведомость) – это отчетный документ, предназначенный для фиксации  
результатов промежуточной аттестации.  
2.13. Учебный план – это документ, который определяет перечень, 
трудоемкость, последовательность и  распределение по периодам обучения 
дисциплин (модулей), практики, иных видов учебной деятельности и формы 
промежуточной, государственной итоговой аттестации обучающегося.  
2.14.  Календарный учебный график – это календарный график 
образовательной программы, опре деляющий последовательность  
и распределение по временным периодам теоретического обучения, практик, 
аттестаций, каникул, который разрабатывается на учебный год.  
2.15. Индивидуальный календарный учебный график – это календарный 
график образовательной программы, о пределяющий последовательность  
и распределение по временным периодам теоретического обучения, практик, 
аттестаций, каникул, установленный индивидуально для обучающегося.  
Он может быть разработан на учебный год (семестр).  
2.16. Плагиат – это умышленное присвоени е продукта чужого 
интеллектуального труда при использовании его без ссылки на автора.  
2.17. Текущий контроль успеваемости (далее – текущий контроль)  –  
это часть учебного процесса,  включающая комплекс оценочных мероприятий, 
направленных на объективную оценку ход а освоения обучающимся 
теоретической и практической части дисциплин ы (модул я) и прохождения 
практик и. 5 
2.18. Факультативн ая дисциплин а (далее  – факультатив)  –  
это дисциплин а (модул ь), необязательная  для изучения обучающимся, 
обеспечивающ ая (обеспечивающий)  расши рение формируемых компетенций.  
2.19. Экзаменационная сессия – это период, в течение которого 
проводится промежуточн ая аттестация в форме экзаменов для обучающ егося  
очной форм ы обучения.  
2.20. Учебно -экзаменационная сессия – это период, включающий в себя 
весь комплекс практических (семинарских, лабораторных ) занятий, 
теоретического обучения и промежуточной аттестации в форме экзаменов 
(зачетов) для обучающегося заочной формы обучения . 
2.21. Для обучающегося очно -заочной формы обучения сессия может 
проводиться в виде экзаменац ионной и (или) учебно -экзаменационной.  
 
3. ТЕКУЩИЙ  КОНТРОЛЬ  УСПЕВАЕМОСТИ  ОБУЧАЮЩИХСЯ  
 
3.1. Текущий контроль обеспечивает оценивание хода освоения 
дисциплин ( модулей ), прохождения практик  и иных видов работ учебного 
плана  обучающегося .  
3.2. Организация и п роведение те кущего контроля  осуществляется 
преподавателем , реализующим данную дисциплину  (модуль ) или являющимся 
руководителем практики от Университета , если иное не установлено 
локальным актом Университета , регулирующим порядок организации 
образовательного процесса и  промежуточной аттестации по образовательным 
программам, реализуемым по индивидуальным образовательным траекториям .  
3.3. Мероприятия текущего контроля могут проводиться:  
− во время контактной работы в соответствии с утвержденным  
в установленном порядке расписан ием в присутствии преподавателя ;  
− в часы самостоятельной работы обучающ егося без присутствия 
преподавателя, с последующей проверкой  образовательных  результатов 
преподавателем ; 
− с использованием инструментов электронно -информ ационной 
образовательной среды  (далее – ЭИОС)  в дистанционно й форме , как во время 
конт актной работы с преподавателем, так и во время самостоятельной работы 
обучающегося , в том числе с использованием дистанционных образовательных 
технологий, а также платформ для электронного обучения Micro soft Teams   
с возможностью применения дополнительных инструментов онлайн -
прокторинга, в синхронном  / асинхронном режиме с использованием 
механизмов идентификации личности испытуемого . 
3.4. Система оценивания при проведении текущего контроля отражается 
в рабочей  программе дисциплины (модуля), рабочей программе практики 
(далее – РПД). Используемые инструменты и технологии, виды оценочных 
материалов определяются преподавателем в соответствии с целями  
и планируемыми результатами освоения дисциплины (модуля), практик и  
и иных видов работ учебного плана . 6 
3.5. Текущий контроль может осуществляться в следующих формах:  
по дисциплине (модулю) – домашние задания, самостоятельные работы, 
рефераты, эссе, коллоквиумы, лабораторные работы  и т.д; по практике – 
контроль за выполнени ем заданий индивидуального плана, собеседование  
с руководителем, контроль качества заполнения пунктов индивидуального 
отчета по практике и т.д . 
3.6. Преподаватель информирует обучающ егося о содержании  
и процедуре проведения текущего контроля, а также о порядк е формирования  
промежуточн ых и окончательной оценок по дисциплине  (модулю) на первом 
занятии по данной дисциплине  (модулю) , по практике  – на установочной 
встрече . Преподаватель также обязан оповестить обучающ егося  о наличии РПД  
в открытом доступе на корпор ативном сайте (портале) Университета.   
3.6.1.  Если по дисциплине (модулю) используется 100 -балльная система 
оценивания  и РПД не содержат иной системы оценивания, то при проведении 
промежуточной аттестации  преподаватель переводит результаты, полученные 
обучающимся , в формат традиционной оценки в соответствии  
со следующей шкалой перевода баллов:   
– от 0 до 60 баллов – «не зачтено»;   
– от 61 до 100 баллов – «зачтено»;   
– 60 баллов и менее – «неудовлетворительно»;   
– от 61 до 75 баллов – «удовлетворительно»;   
– от 76 до 90 баллов – «хорошо»;   
– от 91 до 100 баллов – «отлично».  
3.7. Результаты текущего контроля успеваемости по учебной встрече 
заносятся преподавателем  в информационную систему поддержки учебного 
процесса  Modeus  на учебной встрече или до начала следующей  учебной 
встречи  – по программам высшего образования . 
Результаты текущего контроля успеваемости по учебной встрече  
в филиалах Университета заносятся преподавателем в электронный журнал  
до начала следующей учебной встречи – по программам высшего образован ия. 
Файлы электронного журнала размещаются на корпоративном облачном 
хранилище.  
По программам среднего профессионального образования результаты 
текущего контроля успеваемости по учебной встрече заносятся преподавателем 
в журнал успеваемости на учебной встр ече или до начала следующей учебной 
встречи.  
 
4. ПРОМЕЖУТОЧНАЯ  АТТЕСТАЦИЯ  ОБУЧАЮЩИХСЯ   
 
4.1. Формы промежуточной аттестации и их количество определяются 
учебным планом  (индивидуальным  учебным планом) образовательной 
программы .  
4.2. Обучающ ийся по желанию мо жет сдавать экзамены и зачеты  
по факультативным дисциплинам  (модулям ) с последующей записью 
результатов сдачи в  ведомость  (в соответствии с локальными нормативными 7 
актами Университета) , зачетную книжку  (электронную зачетную книжку) .  
На основании личного заявле ния обучающегося  в приложение  
к диплому  вносятся результаты освоения факультативных дисциплин  
(модулей ).  
4.3. Обучающи йся допуска ется к прохождению промежуточной 
аттестации независимо от итогов текущего контроля.  Не допускается взимание 
платы с обучающ егося за прохождение промежуточной аттестации.  
Обучающи йся, не прошедши й промежуточную аттестацию  
по уваж ительным причинам или имеющий  академическую задолженность, 
перевод ится на следующий курс условно.  
4.4. В исключительных случаях при наличии уважительных причин, 
подтвержденных документально, по личному заявлению обучающегося очной 
формы обучения на основании приказа начальника отдела учета движения 
контингента студентов Управления по сопровождению «Единый деканат» 
(далее – Единый деканат)  могут быть установлены ин дивидуальные сроки 
прохождения промежуточной аттестации не ранее, чем за 1 (один) месяц до 
начала экзаменационной сессии в соответствии с  календарным учебным 
графиком (индивидуальным календарным учебным графиком) . 
Расписание составляется Центром управления  расписанием  
в соответствии  с Положением о расписаниях по образовательным программам 
высшего образования – программам бакалавриата, программам специалитета  
и программам магистратуры в ФГАОУ ВО «Тюменск ий государственный 
университет», для программ среднего профессионального и высшего 
образования  в филиале  – в соответствии с установленным порядком 
составления расписания в филиале.  
Обучающийся, не сдавший экзамены (зачеты) и иные виды учебных 
работ  в установленные приказом сроки, считается имеющим академическу ю 
задолженность. Ликвидация академической задолженности осуществляется  
в установленном настоящим Положением порядке.  
4.5. Обучающ емуся, успешно сдавш ему предыдущую сессию , 
на основании личного заявления до начала предстоящей  сессии  направляется  
(выдае тся) спра вка-вызов , форма которой утвержде на приказом Минобрнауки  
России  от 19.12.2013 №  1368 . Выдача справок -вызовов подлеж ит строгому 
учету  работниками  Единого деканата , работниками учебных частей филиалов  
(далее – уполномоченное лицо) . 
4.6. В последние одну или две н едели теоретического обучения  
у обучающ егося очной, очно -заочной  форм  обучения проводятся зачеты  
(дифференцированные зачеты)  (далее – зачетная неделя ). Период проведения 
зачетной недели  для образовательных программ, реализу емых   
по индивидуальн ым образоват ельн ым траект ориям, определяется  календарным 
учебным графиком  (индивидуальным календарным учебным графиком) . 
4.7. Экзамены сдаются в период сессии , сроки которой предусмотрены 
календарным учебным графиком  (индивидуальным календарным учебным 
графиком) . 8 
4.8. Инвалиды и лица с ограниченными возможностями здоровья , 
обучающи еся по индивидуальному учебному плану , сдают экзамены  (зачеты)   
в сроки, устанавливаемые  индивидуальным календарным учебным графиком .  
4.9. Обучающи йся, котор ому по его заявлению , в исключительных 
случаях п ри наличии уважительных причин, подтвержденных документально,  
решением У ченого совета института (школы , филиала ) разрешено свободное 
посещение учебных занятий,  сдает экзамены (зачеты) в соответствии  
с календарным учебным графиком  (индивидуальным календарн ым учебным 
графиком)  и расписани ем экзаменов (зачетов) .  
4.10. Форма проведения экзамена  (зачета)  – устный ответ , тестирование 
или иная  – устанавливается  РПД .  
4.11. При проведении промежуточной аттестации ( первой и второй 
повторной  промежуточной аттестации) прием пре подавателем экзамена 
(зачета) по дисциплине (модулю) может быть заменен на независимую оценку 
качества подготовки обучающ егося.  
4.12. Типовые оценочные материалы к экзамен у (зачет у) могут быть 
приведены в РПД  по соответствующей дисциплине (модулю), практике.  
Полный комплект оценочных средств для проведения промежуточной 
аттестации включается в оценочные материалы по соответствующей 
дисциплине (модулю), практике.  Экзаменационные билеты ,  
по соответствующей дисциплине (модулю) , если предусмотренная в РПД 
форма пр омежуточной аттестации требует их наличия, подписываются 
заведующим кафедрой, по дисциплинам общеобразовательного блока  
ответственным за реализацию дисциплины не позднее, чем за 1 (одну ) неделю  
до начала экзамена. При реализации дисциплины (модуля) несколь кими 
кафедрами, приказом ответственного лица , курирующего образовательную  
деятельность, назначается ответственный за подписание билетов.   
4.13. Экзаменационные билеты хранятся на кафедре  (в департаменте 
института, учебном офисе  школы) , по дисциплинам  (модулям)  
общеобразовательного блока  в управлении индивидуальных образовательных 
траекторий  (далее – управление ИОТ)  в условиях, исключающих доступ к ним 
лиц, не имеющих отношения к приему экзаменов. За хранение 
экзаменационных билетов несет персональную ответственно сть лаборант  / 
делопроизводитель кафедры  / менеджер. Лаборант  / делопроизводитель 
кафедры  / менеджер выдает  экзаменационные билеты преподавателю в день 
экзамена или накануне (в случае раннего начала проведения экзамена).  
4.14. Обучающийся головного Университета при явке на экзамен (зачет) 
обязан иметь при себе документ, удостоверяющий личность  
и (или) студенческий билет, который он предъявляет преподавателю в начале 
проведения экзамена (зачета).  
Обучающи йся филиала при явке на экзамен (зачет) обязан иметь при себ е 
зачетную книжку, которую он предъявляет преподавателю в начале проведения 
экзамена (зачета).  
4.15. В головном Университете электронные в едомост и по дисциплинам 
(модулям) преподавателям не выдаются и не высыла ются, за исключением 9 
ведомостей для дисциплин  (модул ей), формируемых для ликвидации  
академическ ой разниц ы обучающегося .  
Порядок направления ведомостей и внесение результатов проведения 
экзамена (зачета) установлен Регламентом учета посещаемости, результатов  
текущего контроля и промежуточной аттестации обуч ающихся по программам 
высшего образования в ФГАОУ ВО «Тюменский государственный 
университет», утвержденн ым приказом по Университету.   
В филиал е преподаватель получает ведомость в учебной части. 
Допускается передача ведомости из учебной части преподавателю   
по согласованию с ним посредством использования корпоративной 
электронной почты.  Обучающемуся филиала в зачетную книжку и в ведомость 
ставят подписи все преподаватели, указанные в ведомости.  
Не допускается передача ведомости преподавателю через обучающ егося. 
4.16. Не допускается прием  экзамена (зачета) : 
4.16.1. у обучающ егося  головно го Университет а: 
− без документа, удостоверяющего лично сть или студенческого билета ; 
− у обучающегося, фамилия которого отсутствует в ведомости  / 
электронной ведомости . 
4.16.2. у обучаю щегося  филиала:  
− без ведомости и зачетной книжки обучающегося;  
− у обучающегося, фамилия которого отсутствует в ведомости.  
4.17. Экзамен принима ется, как правило, преподавател ем, читающим 
лекции по дисциплине (модулю). В отдельных случаях допускается 
привлечение к процедуре приема экзамена преподавател я (ей), проводивш его 
(их) практические занятия (семинарские, лабораторные) в группах  (учебных 
командах) .  
В случае невозможности приема экзамена лектором данного потока 
заведующим кафедрой  / начальником  управления ИОТ  из числа профессорско -
преподавательского состава кафедры назначается экзаменатор, являющийся 
специалистом в соответствующей области знаний.  
Зачет по дисциплине (модулю) принимается преподавателем, ведущим 
практические (семинарские, лабораторные) занятия в групп е (учебн ой 
команд е), или читающим лекции  по данному курсу.  
Замен а экзаменатора проводится в соответствии с Положением  
о расписаниях по образовательным программам высшего образования  
в ФГАОУ ВО «Тюменский государственный университет» , для программ 
среднего профессионального и высшего образования в филиале –  
в соответствии с установленным порядком составления расписания в филиале . 
Экзамен (зачет) может проводиться с участием нескольких 
преподавателей Университета, читавших отдельные разделы курса дисц иплины 
(модуля), по которому установлен один экзамен (зачет).  Решение принимается 
коллегиально. 10 
4.18. При проведении экзамена  (зачета)  по дисциплине ( модулю )  
у обучающихся  различных образовательных программ формируется  единая 
ведомость либо несколько ведомосте й по образовательны м программ ам. 
4.19. Продолжительность письменного экзамена  (зачета)  не может 
превышать 4 (четырех ) академических часов . Временем начала письменного 
экзамена  (зачета)  является момент окончания выдачи  заданий.  
4.20. Письменные и устные (по желанию обу чающегося) ответы 
на вопросы пишутся на листах бумаги, на которых  обучающийся указывает  
ФИО,  номер группы  (при наличии) , название дисциплины (модуля ), по которой 
сдается экзамен  (зачет) , в случае прохождения экзамена – номер 
экзаменационного билета, перече нь вопросов и непосредственно ответы  
на вопросы . Обучающийся подписывает каждый лист ответа  и сдает 
экзаменатору . Листы письменного и устного  ответ ов хранятся на кафедре  
в течение 3 (трех) месяцев  со дня проведения экзамена (зачета) . 
4.21. Обучающи йся обязан  сдать письменную работу не позднее 
окончания установленного времени сдачи экзамена (зачета) преп одавателю, 
принимающему экзамен  (зачет) . Если обучающийся не сдал письменную 
работу  в установленный срок , в ведомости ему выставляется оценка 
«неудовлетворительн о» («не зачтено») .  
4.22. При проведении устного экзамена  (зачета)  обучающийся  выбирает 
экзаменационный билет  (получает задание)  в случайном порядке . В процессе 
приема экзамена (зачета) преподавателю предоста вляется право задавать 
обучающемуся  вопросы сверх указанных в билет е (в задании)  в рамках 
программы данной дисциплины (модуля ).  
Обучающемуся, получившему в ходе экзамена (зачета) билет (задание)  
и отказавшемуся от ответа, в ведомость выставляется оценка 
«неудовлетворительно» («не зачтено») . 
4.23. Во время экзамен а (зачета)  обучающийся имеет право по решени ю 
преподавателя пользоваться картами, справочниками, таблицами и друг ими 
источниками  справочной информации . 
Время подготовки для устного ответа на экзамене  (зачет е) должно 
составлять не  менее 3 0 (тридцати)  минут . Общая продолжительность приема 
экзамена (зачета) у группы  обучающихся  ограничивается 8 (восьмью ) 
академическими часами . Продолжительность устного экзамена (зачета), 
проводимого для каждого обучающегося, не может быть больше 1 (одного ) 
академического часа,  без учета времени на подготовку обучающегося.  
Обучающийся , испытавший затруднения при подготовке к ответу  
по выбранному на экзамене билету, имеет право на выбор второго  билет а  
с соответствующим продлением времени на подготовку. При окончательном 
оценива нии ответа обучающегося оценка снижается на один балл. Выдача 
третьего билета обучающемуся не разрешается.  
4.24. Результат экзамена (зачета ), в том числе по первой повторной 
промежуточной аттестации  и второй повторной промежуточной аттестации , 
проводимого в устн ой форме, объявляются непосредственно после ответа  
на экзамен е (зачет е). Результаты экзамена  (зачета) , проводимого в устной 11 
форме с использованием дистанционных образовательных технологий или  
с использованием систем наблюдения и контроля доводятся до све дения 
обучающ егося  непосредственно после ответа на экзамене  (зачете)  либо в день 
сдачи экзамена  (зачета) . 
Результаты экзамена (зачета ), в том числе по первой повторной 
промежуточной аттестации  и второй повторной промежуточной аттестации , 
проводимого в пись менной форме или с использованием электронных 
технологий, объявляются после окончания проверки работ или обработки 
электронных данных . Проверка работ и  электронных данных  не должна 
составлять  более двух рабочих дней , не включая день экзамена (зачета).  Пере д 
началом проведения письменного экзамена  (зачета)  преподаватель обязан 
проинформировать обучающего ся о мес те, дате и времени объявления  
и выставления в зачетн ую книжку  (для обучающ егося филиала)  результатов 
письменного экзамена  (зачета) . 
4.25. В случае, если экзамен (зачет) проводится в устной форме,  
то при ответе обучающегося на вопросы (дополнительные вопросы)  
преподаватель обязан  прокомментировать верно или неверно даны ответы.  
В случае если обучающийся дал неверный или неполный ответ на вопрос, 
препод аватель обязан сообщить обучающемуся верный ответ либо сообщить 
какую информацию в своем ответе не раскрыл  обучающийся.  
4.26. При объявлении результатов  письменного или устного  экзамена 
(зачета) преподаватель обязан аргументировать каждому обучающемуся 
выставленную оценку, в соответствии с  критериями, указанными  
в п. 4. 30 настоящего Положения.  
4.27. За нарушение дисциплины во время промежуточной аттестации 
обучающийся может быть удален преподавателем с экзамена (зачета). В этом 
случае в ведомости ему выст авляется оценка «неудовлетворительно»  
(«не зачтено»).  
Нарушениями дисциплины во время промежуточной аттестации 
являются:  
− использование мобильной связи, видео - и аудиосредств, ресурсов сети 
Интернет, а также литературы и материалов, не разрешенных к испол ьзованию  
на экзамене (зачете);  
− обращение к дру гому  обучающ емуся за помощью или консультацией  
при подготовке ответа по билету или выполнении аттестационного  задания;  
− прохождение промежуточной аттестации лицами, выдающими себя  
за обучающегося, обязанного сдавать экзамен (зачет);  
− некорректное пове дение обучающегося по отношению  
к преподавателю (в том числе грубость, обман и т.п.).  
4.28. Присутствие на экзаменах (зачетах ) посторонних лиц  
без разрешения директора института  (школы, филиала)  не допускается . 
Инвалиды и лица с  ограниченными возможностями здоровья, не имеющие 
возможност и самостоятельно передви гаться , допускаются на экзамены (зачеты )  
с сопровождающим  лицом . 12 
На экзамен е (зачет е) могут присутствовать  ректор Университета, 
ответственное лицо , кури рующ ее образовательн ую деятельность , нача льник  
управления по образовательной деятельности, директор  института  (школы, 
филиала) , заместитель  директора института (школы, филиала) , курирующ ий 
образовательную деятельность, начальник управления ИОТ , начальник 
Единого деканата . 
4.29.  При промежуточной аттестации обучающ егося Университета 
применяется следующая система оценивания : 
− по экзамен у (дифференцированному зачету , комплексному 
экзамену /дифференцированному зачету  (для ОП СПО ): «отлично», «хорошо», 
«удовлетворитель но» и «неудовлетворительно»;  
− по зачет у (комплексному зачету (для ОП СПО) : «зачтено»  
и «не зачтено» ; 
− по контрольной работе  (для ОП СПО)  «зачтено»  и «не зачтено» , 
с 01.09.2022 «отлично», «хорошо», «удовлетворительно»  
и «неудовлетворительно» . 
4.30. При выставлении оценки  за экзамен (зачет) следует 
придерживаться следующих критериев : 
− оценк а «отлично» выставляется  обучающему ся, который дает  полный, 
развернутый ответ на поставленный вопрос  с использованием информации, 
почерпнутой из дополнительной литературы , показывае т совок упность 
осознанных знаний об объекте , проявляющую ся в свободном оперировании 
понятиями, умении выделить существенные и несущественные признаки, 
причинно -следственные связи;  раскрывает  основные положения темы; в ответе 
прослеживается четкая структура , логическая п оследовательность, отражающая  
сущность раскры ваемых понятий, теорий, явлений;  знание об объекте 
демонстрируется на фоне понимания его в системе данной нау ки  
и междисциплинарных связей; ответ формулирует ся в научных терминах, 
излагается  литер атурным языком, характеризуется логичностью, 
доказательностью , демонстрирует авторскую позицию обучающегося ; могут 
быть допущены недочеты в определении понятий или др., исправленные 
обучающимся самостоятельно в процессе ответа ; 
− оценк а «хорошо» выставляется  обучающемуся , который дает полный, 
развернутый ответ на поставленный вопрос, раскрывает основные положения 
темы; показывает умение выделить существенные и несущественные признаки, 
причинно -следственные связи; в ответе прослеживается четкая структура, 
логи ческая последовательность, отражающая сущность раскры ваемых понятий, 
теорий, явлений; о твет излагается  литературным языком в научных терминах ;  
в ответе допущены недочеты или незначительные ошибки, исправленные 
обучающимся  с помощью преподавателя ; 
− оценк а «удовлетворительно» выставляется  обучающемуся , который 
дает недостаточно полный и  недостаточно развернутый ответ; л огика  
и последовательность изложе ния имеют нарушения; допускает  ошибки  
в раскрытии понятий, употребл ении терминов, которые затрудняется испр авить 13 
самостоятельно;  не способен самостоятельно выделить существенные  
и несущественные признаки,  причинно -следственные связи; может 
конкретизировать обобщенные знания, доказав на примерах их основные 
положения только с помощью преподавателя; р ечевое офор мление ответа 
требует поправок, коррекции;  
− оценка «зачтено » выставляется в соответствии с критериями 
положительных оценок.  
− оценка «неудовлетворительно» , «не зачт ено» выставляется 
обучающемуся , который дает неполный ответ, представляющий собой 
разрозненные знания по теме вопроса с сущест венными ошибками  
в определениях; в ответе присутствуе т фрагмент арность, нелогичность 
изложения; о бучающийся не осознает связь данного понятия,  теории, явления  
с другими объектами дисциплины (модул я); о тсутствуют выводы, 
конкретизация и  доказательность изложения; речь неграмотная; 
дополнительные и  уточняющие вопросы преподавателя не приводят  
к коррекции ответа обучающегося  не только на поставленный  вопрос,  
но и на другие вопросы дисциплины (модул я), либо обучающийся  отказыв ается 
от ответа . 
4.31.    Преподаватель  вправе  освободить от прохождения экзамена 
(зачета) обучающ егося любой  форм ы обучения , продемонстрировавшего   
на протяжении семестра (тримест ра, модуля) совокупность осознанных  
и структурированных знаний по дисциплине, в т ом числе на фоне понимания  
ее в системе данной науки и междисциплинарных связей, показавш его умение 
творчески применять теоретические знания в конкретных ситуациях,  а также  
за  систематическое и постоянное выполнение заданий, самостоятельную  
работу  в сем естре  (тримест ре, модуле) . Препода ватель объявляет оценк у 
обучающему ся не позднее, чем на последнем занятии до даты 
соответствующего экзамена (зачета) . Для объявления оцен ки могут быть 
использованы электронные каналы передачи информации, используемые  
в пр оцессе обучения. По желанию обучающ егося, он  может отказаться  
от выставления оценки без проведения экзамена и сдать его, о чем сообщае т 
преподавателю  не позднее последнего занятия. В данном случае, набранные  
в течение соответствующего семестра (триместра , модуля) баллы 
аннулируются  и обучающемуся выставляется оценка, полученная  
по результатам сдачи такого экзамена по соответствующей дисциплине 
(модулю).  
Если обучающийся отказался от выставления положительной оценки  
на последнем занятии, но не явился на п ромежуточную аттестацию (по любой 
причине) , при этом  его результатов по текущему контролю успеваемости 
достаточно для получения положительной оценки, то преподаватель 
выставляет ему соответствующую положительную оценку, если баллов 
недостаточно, то  выставл яется « неявка».   
Для обучающ егося  головно го Университет а порядок выставления оценок 
установлен Регламентом учета посещаемости, результатов текущего контроля  
и промежуточной аттестации, утвержденн ым приказом по Университету. 14 
Для обучающегося филиала  Универ ситета о ценка за экзамен (зачет) 
выставляется преподавателем в зачетную книжку обучающегося текущей 
датой, в ведомость  – в сроки, установленные расписанием экзаменов (зачетов) .  
4.32. Для обучающегося ОП СПО порядок проведения комплексного 
экзамена /зачета/диффер енцированного зачета  установлен Положением  
о порядке подготовки и проведения комплексных форм промежуточной 
аттестации по дисциплинам и междисциплинарным курсам образовательных 
программ среднего профессионального образования в ФГАОУ ВО «Тюменский 
государс твенный университет».  
4.33. При несогласии с результатами экзамена  (зачета)  по дисциплине 
(моду лю), практике  обучающийся  имеет право лично подать апелляцию на имя 
директо ра института (школы , филиала ), если иной порядок не установлен 
локальным актом Университета,  регулирующим порядок организации 
образовательного процесса и промежуточной аттестации по образовательным 
программам, реализуемым по индивидуальным образовательным траекториям . 
4.34. Апелляция по устному экзамену  (зачету) , практике  принимается  
в день его сдачи , защиты отчета о результатах практики ; по письменному  –  
в день объявления оценки. Апелляция рассматривается в срок не позднее  
2 (двух) рабочих дней со дня подачи апелляции на заседании апелляционной 
комиссии.  
4.35. Для рассмотрения апелляции  по дисциплинам (мо дулям), 
практикам  приказом директора института  (школы , филиала ), начальником 
Управления  ИОТ  (для дисциплин (модулей), формирующих общекультурные  
или универсальные  компетенции и дополнительные профессиональные 
компетенции по ОП ВО , реализуемым по индивидуал ьным образовательным 
траекториям)  утверждается  апелляционная комисси я. Апелляционная комиссия 
состоит из председателя, которым является директор  института (школы, 
филиала)  (заместител ь директора , курирующего образовательную 
деятельность , начальник Управлен ия ИОТ ), и двух членов комиссии: 
заведующего кафедрой  (лица, назначенного директором института (школы , 
филиала ), являющегося специалистом в соответствующей области знаний),   
и преподавателя, ответственного за реализацию соответствующей дисциплины  
(модуля)  (являвшегося  руководителем практики ).  
Решение апелляционной комиссии оформляется протоколом, который 
подписывается председателем и всеми членами апелляционной комиссии  
и хранится в соответствии с утвержденной номенклатурой дел в институте 
(школе, филиале ). Рассмотрение апелляции не является пересдачей экзамена 
(зачета).  
4.36. В ходе рассмотрения апелляции проверяется правильность 
выставленной оценки на основе анализа листа устного или письменного ответа 
обучающегося и соблюдение процедуры экзамена  (зачета) .  
4.37. В случае установления нарушений в процедуре проведения 
экзамена (зачета), которые могли повлиять на результат соответствующего 
экзамена (зачета), обучающемуся предоставляется возможность повторной 
сдачи экзамена (зачета) . Приказом директора института (школы,  филиала) 15 
утверждается экзаменационная комиссия по приему экзамена (зачета) в составе  
не менее 3 (трех) человек, включая заведующего кафедрой, преподаватель 
которой реализовывал дисциплину (модуль) (являлся руководителем практики),  
или лицо, назначенное д иректором института (школы, филиала), являющимся 
специалистом в соответствующей области знаний, или заместителя директора 
института (школы, филиала), курирующего образовательную деятельность  / 
начальника управления ИОТ . 
4.38. По результатам рассмотрения апелляци и оценка может быть 
изменена (повышена или понижена)  либо оставлена без изменения . 
4.39. Решение, принятое по результатам рассмотрения апелляции, 
является окончательным.  
4.40. Обучающ емуся, которы й не мог  сдать экзамен  (зачет)   
в общеустановленны й срок по уважительны м причинам (болезнь, уход  
за больным родственником, участие в региональных межвузовских 
олимпиадах, в российских и ли международных соревнованиях и др.), 
подтвержденным соответствующими документами,  на основании личного 
заявления  приказом начальник а отдела  учета движения контингента студентов 
Единого деканата , устанавливают ся индивидуальные сроки сдачи экзамен а 
(зачет а). Сроки основной промежуточной аттестации продлеваются  
на то количество календарных дней, которые обучающийся отсутствовал  
по уважительной  причине согласно представленным документам, но не более 
количества дней сессии, утвержденных календарным учебным графиком 
(индивидуальным календарным учебным графиком). Сроки первой повторной  / 
второй повторной промежуточной аттестации продлеваются из рас чета 
один -два рабочих дня на один экзамен (зачет) . 
4.41. К уважительным причинам не относится отсутствие обучающегося  
на экзамене  (зачете) , вызванное обстоятельствами, связанными с работой 
обучающегося (служебн ая командировк а и т.п.).  
4.42. Обучающийся, не набравший по дисциплине (модулю) 
необходимого количества баллов для получения оценки, а также обучающийся,  
не согласившийся с оценкой, полученной по результатам освоения дисциплины 
(модуля), имеет право сдать экзамены (зачеты) в соответствии с расписанием 
сессии.  
В случае несогласия с оценкой, полученной по результатам освоения 
дисциплины (модуля) и сдачи экзамена обучающимся в соответствии  
с расписанием сессии, набранные в течение соответствующего семестра 
(триместра, модуля) баллы аннулируются  и обучающемуся выстав ляется 
оценка, полученная по результатам сдачи такого экзамена по соответствующей 
дисциплине (модулю) .  
4.43. Защит а курсов ой работ ы (курсов ого проект а) провод ится в период 
зачетной недели. Защит а отчет а о результатах  практик и провод ится в сроки, 
установленные П оложением об организации практик обучающихся 
федерального автономного образовательного учреждения высшего образования 
«Тюменский государственный университет». 16 
4.44.  Оценка по курсовой работе (курсовому проекту) выставляется  
на основании результатов защиты обуч ающим ся курсовой работы ( курсового 
проекта) , а также при условии наличия справки о результатах проверк и работы 
на объем заимствований , в которой отражаются результаты проверки курсовой 
работы (курсового проекта) в информационной системе, их доля 
оригинальн ости .  
4.45. Плагиатом признается представление курсовой работы ( курсового 
проекта), подготовленной другим автором или извлеченной из интернет -
ресурсов, в качестве результатов собственного труда. Курсовая работа 
(курсовой проект) должна содержать не менее 50 % о ригинального текста для 
образовательных программ бакалавриата, специалитета, не менее 70 % для 
образовательных программ магистратуры. Ответственность за соблюдение 
данного критерия несет руководитель курсовой работы ( курсового проекта).  
В случае если проц ент оригинальности в курсовой работе ( курсовом проекте) 
менее установленного, обучающемуся выставляется оценка 
«неудовлетворительно» («не зачтено») . 
4.46. Оценка  по практике  выставляется  на основании результатов защиты 
обучающим ся отчет а о результатах практики .  
Для обучающего ся головно го Университет а порядок выставления оценок 
установлен Регламентом учета посещаемости, результатов текущего контроля  
и промежуточной аттестации , утвержденны м приказом по Университету.  
Положительная оценка  по практике вносится в зач етную книжку 
обучающегося филиал а за подписью руководителя (руководителей) практики  
в раздел « Практика».  
 
5. ПОРЯДОК  ЛИКВИДАЦИИ  АКАДЕМИЧЕСКОЙ  ЗАДОЛЖЕННОСТИ   
 
5.1. Обучающему ся, имеющ ему по окончании промежуточной 
аттестации  академическ ую задолженност ь, расписание м повторной 
промежуточной аттестации устанавлива ется срок ликвидации академической 
задолженности. Повторную промежуточную аттестацию по каждой 
академической задолженности обучающийся может пройти не более  
двух  раз в соответствии с утвержденным расписанием ликвидации 
академических задолженностей.  
Расписание повторной промежуточной аттестации утверждается  
в соответствии с Положением о расписаниях по образовательны м программам 
высшего образования в ФГАОУ ВО «Тюменск ий государственный 
университет» , для програм м среднего профессионального и высшего 
образования в филиале – в соответствии с установленным порядком 
составления расписания в филиале . 
5.2. Ликвидация академической задолженности обучающимся  
производится во внеучебное время .  
Ликвидация академической задолжен ности д ля обучающего ся очной  
и очно -заочной форм обучения проводится  не позднее двух недель  
до окончания теоретического обучения следующего  семестра; д ля 17 
обучающего ся заочной формы обучения – до конца следующей учебно -
экзаменационной сессии ; для обучающ егося выпускного курса  всех форм 
обучения – до начала государственной итоговой аттестации . 
5.3. Повторная промежуточная аттестация не может проводиться  
в период проведения практики, а также в период проведения промежуточной 
аттестации, за исключением периода про ведения промежуточной аттестации  
при реализации образовательной программы в заочной форме обучения  
(действие настоящего пункта прекращается с 01.09.2022 ). 
5.4. Первая повторная промежуточная аттестация проводится 
преподавателем, принимавшим экзамен (зачет). Пр ием первой повторной 
промежуточной аттестации по экзамену (зачету) может проводиться другим 
преподавателем по согласованию с директором (заместителем  директора , 
курирующим образовательную деятельность ) института (школы , филиала ) 
и с заведующим кафедрой .  
Для проведения второй повторной промежуточной аттестации  
по экзамену (зачету) приказом директора института (школы, филиала) / 
приказом начальника управления ИОТ  (для дисциплин (модулей), 
формирующих общекультурные  или универсальные  компетенции  
и дополнител ьные профессиональные компетенции по ОП ВО , реализуемым  
по индивидуальным образовательным траекториям) назначается 
экзаменационная комиссия в составе не менее 3 (трех) преподавателей, 
включая преподавател я, которой реализовывал дисциплину (модуль) (являлся  
руководителем практики), или лицо, назначенное директором института 
(школы, филиала) , являющимся специалистом в соответствующей области 
знаний , или заместителя директора института (школы, филиала), курирующего 
образовательную деятельность / заведующего ка федрой / начальника 
управления ИОТ . Заседание экзаменационной комиссии считается 
правомочным, если на нем присутству ют: все члены комиссии – для комиссии, 
состоящей из 3 (трех) членов; не менее 2/3 членов комиссии  – для комиссии, 
состоящей из 4 (четырех ) и более членов  комиссии . Вторая повторная 
промежуточная аттестация письменного экзамена (зачета) может проводиться в 
присутствии одного преподавателя, входящего в состав комиссии, для 
предоставления обучающимся заданий , при этом проверка ответа 
обучаю щего ся осуществляется всеми членами комиссии, решение о результате 
второй повторной промежуточной аттестации принимается всеми членами 
комиссии . 
Допускается проведение повторной промежуточной аттестации в форме 
массового открытого онлайн -курса ( МООК ) и (или) с ис пользованием иных 
автоматизированных систем в соответствии с утвержденным расписанием.  
5.5. Вторая повторная промежуточная аттестация может быть 
организована по решению директора института (школы, филиала ), начальника 
Управления ИОТ  (для дисциплин (модулей)  общеобразовательного блока  
по ОП ВО , реализуемым по индивидуальным образовательным траекториям)  
с использованием дистанционных образовательных технологий, в том числе 
платформ ы для электронного обучения Microsoft Teams, и средств 18 
видеофиксации.  Порядок заме ны преподавателя – экзаменатора при проведении 
повторной промежуточной аттестации аналогичен порядку, установленному  
в п. 4.17 настоящего Положения.  
5.6. Результаты повторной промежуточной аттестации доводятся  
до сведения обучающ егося в сроки и порядке, уста новленном  
в п. 4.2 4 настоящего Положения . 
5.7. Оценка, выставленная экзаменационной комиссией по итогам 
пересдачи экзамена (зачета), является окончательной , апелляции  
не принимаются. Р езультаты экзамена (зачета) выставляются в  ведомость.   
При наличии процессу альных нарушений (неполнота состава комиссии   
и т.п.), допущенных при проведении экзамена (зачета), повлиявших  
на результат соответствующего экзамена (зачета), результаты указанного 
экзамена (зачета) могут быть пересмотрены.  
Для обучающ егося головного Унив ерситета порядок выставления оценок 
в ведомости  / электронные ведомости установлен Регламентом учета 
посещаемости, результатов текущего контроля и промежуточной аттестации, 
утвержденным приказом по Университету.  
В отношении обучающ егося филиала в ведомости  ставят подписи  
все члены  комиссии.  Ведомость  сдается уполномоченному лицу учебной части 
филиала  и подшивается к основной ведомости группы.  В зачетную книжку 
обучающ емуся  филиал а оценку выставляет один из членов  комиссии . 
5.8. Порядок направления ведомостей преподавателю – экзаменатору  
при проведении первой повторной промежуточной аттестации и заведующему 
кафедрой, или лиц у, назначенн ому директором института (школы, филиала), 
являющимся специалистом в соответствующей области знаний  при проведении 
второй повторн ой промежуточной аттестации аналогичен порядку , 
установленному в п. 4.15 настоящего Положения.  
5.9. Обучающи йся, не защитивши й курсов ую работу  (курсовой проект )  
по неуважительной причине, считае тся имеющим академическую 
задолженность. В этом случае преподавате ль может оставить тему курсовой 
работы ( курсового проекта) прежней или предложить обучающ емуся  выбрать 
новую тему.   
5.10.  Обучающи йся, не выполнивши й програм му учебной , 
производственной  практик  или НИР  по уважительной причине  может быть 
направлен на практику (Н ИР) повторно, в соответствии с индивидуальным 
календарным учебным графиком. Направление обучающегося повторно для 
прохождения практики (НИР) регулируется Положением об организации 
практик обучающихся ФГАОУ ВО «Тюменский государственный 
университет».  
Получе ние обучающимся неудовлетворительной  оценки по результатам 
защиты  практики (НИР) является академической задолженность ю, порядок 
ликвидации которой и назначение повторной промежуточной аттестации 
осуществляется в соответствии с разделом 5 настоящего Положен ия.  
5.11.  В связи с невыполнением обязанностей по добросовестному 
освоению образовательной программы и выполнению учебного плана 19 
обучающи йся отчисля ется из Университета в соответстви и с Положение м  
о порядке отчисления, восстановления обучающихся в ФГАОУ ВО 
«Тюменский государственный университет» .  
5.12.  Допускается пересдача оценки, препятствующей получению 
диплома с отличием , если оценка «удовлетворительно» является единственной 
оценкой «удовлетворительно» из всех оценок, входящих в  приложение  
к диплому  и о дной о ценки «хорошо», при отсутствии оценок 
«удовлетворительно» . В случае пересдачи обучающимся дисциплины на более 
низкую оценку , данный результат  войдет в приложение к диплому .  
Не допускается пересдача практик и курсовых работ  (проектов) . Пересдача 
может быть  произведена только на последнем курсе обучения  с разрешения 
ответственного лица , курирующего образовательную  деятельност ь  
на основании личного заявления обучающегося, согласованного с директором 
(заместителем директора, курирующего образовательную деятел ьность)  
института (школы, филиала). Пересдача может быть назначена только  
до подписания приказа о допуске к государственной итоговой аттестации . 
Процедура пересдачи оценки и порядок подачи соответствующего 
заявления устанавливается локальным нормативным а ктом Университета, 
утвержденным в установленном порядке.  
 
6. ДОКУМЕНТАЦИЯ , ОФОРМЛЯЕМАЯ  ПРИ  ПРОВЕДЕНИИ   
ПРОМЕЖУТОЧНОЙ  АТТЕСТАЦИИ  
 
6.1. За делопроизводство в процессе  организации и проведени я 
промежуточной аттестации обучающ егося  отвечает уполномоченное лицо 
Единого  деканата ( академического департамента института , учебного офиса 
школы, учебной части филиала ). 
6.2. Основными документами о результатах промежуточной аттестации 
являются:  
− электронная ведомость  / зачетно -экзаменационная ведомость ; 
− электронная зачетная книжка  / зачетная книжка (для обучающихся 
филиалов) ; 
− учебная карточка обучающ егося (электронный вариант) ; 
− журнал успеваемости обучающихся  (электронный вариант) ; 
− журнал успеваемости обучающихся (бумажный вариант)  –  
для программ среднего профессионального образовани я. 
6.3. Ведомость / электронная ведомость является основным первичным 
документом по учету успеваемости обучающегося.  
6.4. Для обучающ егося головно го Университет а порядок выставления 
оценок установлен Регламентом учета посещаемости, результатов текущего 
контроля и пр омежуточной аттестации, утвержденны м приказом  
по Университету . 
6.5. Результаты экзамена (зачета ) для обучающ егося филиала заносятся 
преподавателем в  ведомость  и зачетную книжку . 20 
Для обучающ егося филиал а положительные результаты заносятся  
в ведомость  и зачетну ю книжку, неудовлетворительные результаты 
проставляется только в ведомости. Каждая оценка заверяется подписью 
преподавателя  – экзаменатора . 
6.6. Неявка на экзамен (зачет) отмечается в ведомости словами  
«не явился». Обучающийся , имеющий уважительную причину отс утствия  
на экзамене (зачете) , подтвержд енную документально , обязан любым 
доступным для него способом ( корпоративная электронная почта, телефон, 
почтовое письмо , ЭИОС и т.д.) сообщить об этом в Единый деканат    
(академический департамент института , учебный  офис школы , учебную часть 
филиала ) в течение 5 (пяти ) рабочих  дней с момента возникновения причины . 
Подтверждающие  документы представляются  в Единый деканат 
(академический департамент , учебный офис школы , учебную часть филиала )  
в течение 3 (трех) рабочих  дней с момента их получения.  
Медицинский документ , представленный обучающимся после получения 
неудовлетворительной оценки на экзамене (зачете), к рассмотрению  
не принимается.  
Иные уважительные причины  (смерть близкого родственника,  природн ая 
катастрофа или стихийное  бедстви е, повестка для явки в суд  
или в правоохранительные органы ) подтверждаются документально не позднее  
трех рабочих дней после неявки. Решение о признании причины уважительной 
прин имает уполномоченное лицо  Единого деканата (академическо го 
департамента института, учебного офиса школы, учебной части филиала ). 
6.7. Срок сдачи в Единый деканат  заполненных ведомостей установлен 
Регламентом учета посещаемости, результатов текущего контроля  
и промежуточной аттестации, утвержденн ым приказом по Униве рситету ,  
в учебную часть филиала  – не более  одного рабочего дня со дня  объявления 
результатов проведения письменного экзамена (зачета) и не более одного 
рабочего дня со дня  провед ения устного экзамена (зачета), если иное  
не установлено локальным нормативн ым актом Университета, утвержденным  
в установленном порядке.  
6.8. В филиале в едомости нумеруются, сшиваются  в папки и хранятся   
в установленном порядке.  
Информация о результатах обучения в головном Университете  
содержится  в электронной зачетно -экзаменационной ведомости, которая 
хран ится  в электронном архиве Университета в течение 25  (двадцати пяти)  лет, 
в учебной части филиала  – в соответствии с утвержденной номенклатурой дел  
в течение пяти  лет, после чего уничтожаются в  установленном порядке.  
6.9. Преподаватель не сет персональную ответственность  за правильность 
оформления ведомости  / электронной ведомости , зачетных  книжек  
(для обучающихся филиалов)  в части  отражения  в них  оценок по результатам 
проведенного экзамена (зачета).  
6.10. Из ведомости, за исключением электронно й ведомости, 
уполномоченное лицо Единого деканата  (школы , учебной части филиала ) 
вносит полученные обучающимся  оценки по результатам прохождения 21 
промежуточной аттестации  в информационную систему  поддержки учебного 
процесса . 
6.11. Преподаватель несет персональную  ответственность  за правильное 
и своевременное внесение информации о результатах промежуточной 
аттестации, повторной промежуточной аттестации в ведомость. 
Ответственность за внесение информации о результатах ликвидации 
академической разницы обучающимся нес ет уполномоченное лицо Единого 
деканата (академического департамента института, учебного офиса школы , 
учебной части филиала ). 
 
7. ЗАКЛЮЧИТЕЛЬНЫЕ ПОЛОЖЕНИЯ  
 
7.1. Изменения и дополнения к настоящему Положению вносятся  
в соответствии с федеральными законами и нормат ивными правовыми актами 
Министерства науки и высшего образования Российской Федерации , 
Министерства просвещения Российской Федерации, на основании решения 
Ученого совета Университета.  
7.2. Считать утратившим и силу : 
– Положение о текущем контроле успеваемости и промежуточной 
аттестации обучающихся  федерального государственного автономного  
образовательного учреждении высшего образования «Тюменский 
государственный университет», утвержденно е решением Ученого совета  
от 01.03.2022, протокол № 5."
7,как поменять физкультуру?,"Выбор спортивных секций по Физической культуре будет проходить в ИС Модеус во вкладке ""Выбор модулей"".  Вам нужно будет выбрать 2 интересующие Вас спортивные секции, которые будут проходить каждую неделю в одно и то же время.  Ограничения: 1) Записаться можно не более чем на 2 занятия в неделю 2) Нельзя записываться на два занятия подряд.  Вас могут не допустить на занятие, если Вы были на предыдущей паре и/или уже посетили два занятия за неделю. При этом расписание на наличие конфликтов Вы проверяете самостоятельно в соответствии с Вашим расписанием в ИС Модеус и расписанием спортивных секций (во вложенных файлах). Ваш выбор пролонгируется до конца семестра, однако в любой момент Вы можете его изменить, отписавшись от одной секции и записавшись на другую. ВАЖНО!  Студент, пропустивший два занятия подряд, будет отписан автоматически. Выбор Физической культуры откроется 06.09.2023 и будет открыт до конца семестра.  Для успешной аттестации по дисциплине «Физическая культура: элективные курсы по видам спорта» Вы должны набрать не менее 61 балла по балльно-рейтинговой оценочной шкале. Для этого Вы можете: 1) Посещать академические занятия (3 балла за каждое занятие); 2) Принять участие в спортивно-массовых мероприятиях университета: Днях здорового образа жизни, Маршрут Дружбы, Кросс Наций, и других (0-10 баллов за каждое мероприятие). 3) Принять участите в соревнованиях по видам спорта (0 – 60 баллов); 4) Выполнить ВФСК ГТО (0 – 60 баллов). Для оформления посещения спортивного зала вместо практических занятий по физкультуре студент к первому занятию по физической культуре представляет тренеру-преподавателю по спорту (куратору по физкультуре) пакет документов ( https://www.utmn.ru/upload/medialibrary/676/Polozhenie-o-realizatsii-distsiplin-_moduley_-po-fizicheskoy-kulture-_sportu_.pdf ) и приходит на зачётное мероприятие. ВАЖНО!!! Все документы должны быть предоставлены в течение первой учебной недели. Список ответственных за прием документов спортзала по институтам (Ленина, 6):  1. ИГиП, Антропошкола – Пырлич Юлия Васильевна (y.v.pyrlich@utmn.ru) 2. СоцГум- Ерженин Владимир Сергеевич (v.s.erzhenin@utmn.ru) 3. ФЭИ - Копякова Анна Леонидовна (a.l.kopyakova@utmn.ru) 4. ИнЗем  - Питулин Артём Владимирович (a.v.pitulin@utmn.ru) 5. ФТИ, ИнХим, ШЕН –Пырлич Юлия Васильевна (y.v.pyrlich@utmn.ru) 6. ИнБио - Криводанова Наталья Александровна (n.a.krivodanova@utmn.ru) 7. Школа образования - Баянов Николай Ильич (n.i.bayanov@utmn.ru) 8. ШКН - Тверских Владислав Владимирович (vl.v.tverskikh@utmn.ru) Polozhenie-o-realizatsii… #физкультура"
8,как подать заявления на академ?,"Заявление на академический отпуск подается через личный кабинет на портале ""Вместе"" в разделе ""Заявления"".  ВАЖНО! Заявление на отпуск не может быть подано: 1. в период прохождения госаттестации; 2. в случае несдачи комиссионной пересдачи. Согласно п.1.4 ""Положения о порядке предоставления и выхода из академического отпуска и иных отпусков для обучающихся ФГАОУ ВО ТюмГУ: Решение о предоставлении отпуска принимается в течение 10 (десяти) дней со дня подачи обучающимся заявления и прилагаемых к нему документов (при наличии). Дата подачи заявления и начала отпуска, без подтверждающих документов, не может быть праздничным и/или нерабочим днем. За 3 недели до даты окончания отпуска необходимо будет подать заявление на выход из академического отпуска.  Бланк заявления на выход из академического отпуска можете скачать по ссылке  https://www.utmn.ru/o-tyumgu/organizatsionnaya-skhema-tyumgu/edinyy-dekanat/blanki-zayavleniy/otpusk/ ."
9,что делать при потере студенческого билета?,"Для  восстановления студенческого билета  Вам необходимо подать заявление в Едином деканате (ул. Семакова, д.18, холл 3 этажа). При себе иметь фото 3*4 и паспорт.  Чтобы  продлить студенческий билет , необходимо подойти в Единый деканат к специалисту, курирующему Ваш институт (ул. Семакова, д.18, каб.302 либо 305). Если Вы  потеряли магнитную карту  (пропуск, проходка), необходимо подать заявление на ее восстановление в Едином деканате (ул. Семакова, д.18, 3 этаж). При себе иметь паспорт или студенческий билет. Если Ваша  магнитная карта (пропуск, проходка) не работает , необходимо обратиться в Центр информационных технологий по адресу: ул. Ленина, д.23, каб. 310. При себе иметь карту, паспорт либо продленый студенческий билет."
10,Что делать при потере карты доступа?,"Для  восстановления студенческого билета  Вам необходимо подать заявление в Едином деканате (ул. Семакова, д.18, холл 3 этажа). При себе иметь фото 3*4 и паспорт.  Чтобы  продлить студенческий билет , необходимо подойти в Единый деканат к специалисту, курирующему Ваш институт (ул. Семакова, д.18, каб.302 либо 305). Если Вы  потеряли магнитную карту  (пропуск, проходка), необходимо подать заявление на ее восстановление в Едином деканате (ул. Семакова, д.18, 3 этаж). При себе иметь паспорт или студенческий билет. Если Ваша  магнитная карта (пропуск, проходка) не работает , необходимо обратиться в Центр информационных технологий по адресу: ул. Ленина, д.23, каб. 310. При себе иметь карту, паспорт либо продленый студенческий билет."
11,Что делать при потере проходки?,"Для  восстановления студенческого билета  Вам необходимо подать заявление в Едином деканате (ул. Семакова, д.18, холл 3 этажа). При себе иметь фото 3*4 и паспорт.  Чтобы  продлить студенческий билет , необходимо подойти в Единый деканат к специалисту, курирующему Ваш институт (ул. Семакова, д.18, каб.302 либо 305). Если Вы  потеряли магнитную карту  (пропуск, проходка), необходимо подать заявление на ее восстановление в Едином деканате (ул. Семакова, д.18, 3 этаж). При себе иметь паспорт или студенческий билет. Если Ваша  магнитная карта (пропуск, проходка) не работает , необходимо обратиться в Центр информационных технологий по адресу: ул. Ленина, д.23, каб. 310. При себе иметь карту, паспорт либо продленый студенческий билет."
12,Что делать при потере магнитной карты?,"Для  восстановления студенческого билета  Вам необходимо подать заявление в Едином деканате (ул. Семакова, д.18, холл 3 этажа). При себе иметь фото 3*4 и паспорт.  Чтобы  продлить студенческий билет , необходимо подойти в Единый деканат к специалисту, курирующему Ваш институт (ул. Семакова, д.18, каб.302 либо 305). Если Вы  потеряли магнитную карту  (пропуск, проходка), необходимо подать заявление на ее восстановление в Едином деканате (ул. Семакова, д.18, 3 этаж). При себе иметь паспорт или студенческий билет. Если Ваша  магнитная карта (пропуск, проходка) не работает , необходимо обратиться в Центр информационных технологий по адресу: ул. Ленина, д.23, каб. 310. При себе иметь карту, паспорт либо продленый студенческий билет."
13,Я потерял проходку. К кому обратиться?,"Для  восстановления студенческого билета  Вам необходимо подать заявление в Едином деканате (ул. Семакова, д.18, холл 3 этажа). При себе иметь фото 3*4 и паспорт.  Чтобы  продлить студенческий билет , необходимо подойти в Единый деканат к специалисту, курирующему Ваш институт (ул. Семакова, д.18, каб.302 либо 305). Если Вы  потеряли магнитную карту  (пропуск, проходка), необходимо подать заявление на ее восстановление в Едином деканате (ул. Семакова, д.18, 3 этаж). При себе иметь паспорт или студенческий билет. Если Ваша  магнитная карта (пропуск, проходка) не работает , необходимо обратиться в Центр информационных технологий по адресу: ул. Ленина, д.23, каб. 310. При себе иметь карту, паспорт либо продленый студенческий билет."
14,Я потерял магнитную карту. К кому обратиться?,"Для  восстановления студенческого билета  Вам необходимо подать заявление в Едином деканате (ул. Семакова, д.18, холл 3 этажа). При себе иметь фото 3*4 и паспорт.  Чтобы  продлить студенческий билет , необходимо подойти в Единый деканат к специалисту, курирующему Ваш институт (ул. Семакова, д.18, каб.302 либо 305). Если Вы  потеряли магнитную карту  (пропуск, проходка), необходимо подать заявление на ее восстановление в Едином деканате (ул. Семакова, д.18, 3 этаж). При себе иметь паспорт или студенческий билет. Если Ваша  магнитная карта (пропуск, проходка) не работает , необходимо обратиться в Центр информационных технологий по адресу: ул. Ленина, д.23, каб. 310. При себе иметь карту, паспорт либо продленый студенческий билет."
15,как получить справку о стипендии?,"По вопросу получения справки о доходах, размере стипендии или пособии необходимо обратиться в Сервисный центр бухгалтерии, написав на почту  12222@utmn.ru  или позвонив (3452) 59-76-76.  Адрес местонахождения: г. Тюмень, ул. Кирова, д.25/1. Часы работы: пн.-чт. 09.00-17.00 пт. 09.00-16.00 обед 12.30-13.15 сб., вс. - выходные дни."
16,где мне найти информацию о моем расписании?,"Как работать с разделом 
«Выбор модулей»?
Инструкция для студентов 1.Общий порядок действий при записи на модуль
2.Используемые обозначения в окне выбора модулей
3.Пример окна выбора , доступного только на просмотр
4.Выбор дисциплины , пошаговый алгоритм действий в системе
5.Возможные ошибки при записи на модуль
6.Отмена записи на дисциплину , пошаговый алгоритм действий в 
системе
7.Просмотр описания модуля
8.Просмотр расписания модуля и всех выбранных модулей
9.Просмотр состава команды
2Содержание 1.Перейти в раздел ИОТ –Выбор модулей
2.В случае, если окно выбора открыто только на просмотр, 
дождаться даты и времени открытия окна на запись
Важно : открытие окна выбора на просмотр дает возможность ознакомиться со 
списком выбираемых дисциплин, их описанием, расписанием (если оно уже 
составлено), количеством учебных команд, их типами и преподавательским составом. 
Отсутствует только возможность для записи
3.Выбрать необходимое количество дисциплин в каждом из 
обязательных блоков по выбору, выполнив все критерии
4.Убедиться, что статус выбора изменился на  
3Как записаться на модуль? 4Окно выбора модулей, используемые обозначения
число, указанное в скобках (min 1)–количество дисциплин , которое 
необходимо выбрать в рамках рассматриваемого блока дисциплин
число, указанное в скобках (min 4)–количество единиц ценности , 
которое необходимо набрать, выбрав дисциплины в 
рассматриваемом блоке
Ценность каждой из дисциплин указывается рядом с ее наименованием:
Критерии завершения:
указание на то, что выбор в данном блоке дисциплин обязателен
указание на то, что выбор дисциплины обязателен внутри 
необязательного блока дисциплин
Статусы выбора:
не выбран ни один 
элемент в обязательных для выбора 
блоках дисциплин 
сделан выбор в 
нескольких обязательных для 
выбора блоках дисциплин, но не во 
всех
дисциплины 
выбраны во всех обязательных для 
выбора блоках, финальный статус 
выбора Иконки отображения статусов у дисциплин и 
блоков дисциплин:
| в случае наличия такой иконки у 
дисциплины указывает на успешную запись 
в нее, в случае блока дисциплин –
выполнение критерия завершения
| напротив блока дисциплин указывает на 
неполное выполнение критерия 
завершения (например, выбрана только 1 
из 2 обязательных дисциплин)
| ошибка при записи на дисциплину
5Окно выбора модулей, используемые обозначения 6Пример окна выбора, доступного только на 
просмотр
Указание на дату и время 
открытия окна выбора для 
записи
Отсутствие кнопки для 
записи в командуКритерии завершения 
каждого из блоков 
дисциплин по выбору 1.Раскрыть блок дисциплин по выбору, нажав на его 
заголовок
2.Выбрать интересующую дисциплину
3.Осуществить запись в каждый из типов учебных 
команд, доступных для выбора (например, лекционные 
команды или команды по практике)
4.Нажать кнопку Выбрать
Важно : в случае, если у студента уже запланированы занятия, которые 
совпадают с временем и датами проведения выбираемой дисциплины, 
система выдаст ошибку, и запись на нее не будет осуществлена 
7Выбор дисциплин 8Шаг 1. Раскрытие блока дисциплин по выбору
Отображен список 
дисциплин, 
доступных для 
выбора в рамках 
раскрытого блокаВыбор дисциплин 9Шаг 2. Выбор дисциплиныВыбор дисциплин
После выбора 
дисциплины стала 
отображаться 
информация о типах 
учебных команд, в 
которые можно 
записаться 10Шаг 3. Запись в командыВыбор дисциплин
Записаться в команды 
по каждому 
доступному типу 
занятий
Важно : количество 
свободных мест в 
команде и 
преподаватель (в случае, 
если он назначен) 
отображается при 
выборе команды 11Шаг 4. Нажать кнопку Выбрать
Выбор дисциплин
В случае успешной 
записи на дисциплину 
в правом верхнем 
углу появляется 
всплывающее окно 
об оформленном 
выборе
Рядом с выбранной 
дисциплиной 
появляется значок |Критерий завершения уже выполнен, выбрано 
необходимое количество дисциплин или на 
необходимое количество единиц ценности
|Недостаточно свободных мест в учебной команде
|Существует конфликт в расписании с выбираемой 
дисциплиной
12Возможные ошибки при записи 1.Раскрыть блок дисциплин по выбору, нажав на его 
заголовок
2.Выбрать дисциплину, от которой нужно отписаться
3.Нажать кнопку Отменить выбор
4.Во всплывающем окне выбрать вариант Да, отписаться
13Отмена записи на дисциплину 14Шаг 1. Раскрытие блока дисциплин по выборуОтмена записи на дисциплину 15Шаг 2. Выбор дисциплины, от которой нужно 
отписатьсяОтмена записи на дисциплину 16Шаг 3. Нажать кнопку Отменить выбор
Отмена записи на дисциплину 17Шаг 4. Выбрать вариант Да, отписаться
Отмена записи на дисциплину Чтобы просмотреть описание модуля, необходимо после нажатия 
на него в списке модулей выбрать Описание курса
18Просмотр описания модуля 19Просмотр расписания модуля
Чтобы просмотреть расписание модуля, необходимо после 
нажатия на него в списке модулей выбрать Расписание модуля
Важно : если расписание для данной дисциплины не составлено, сетка расписания будет пустой Чтобы посмотреть расписание на все выбранные модули, 
необходимо в верхней части окна выбора модулей нажать
Показать расписание выбранных команд
20Просмотр расписания на все выбранные 
модули Чтобы просмотреть состав команды, необходимо после ее 
выбора из списка возможных нажать кнопку Состав команды
Состав команды можно посмотреть для команды любого типа 
(лекционные, практические и пр.)
21Просмотр состава команды СПАСИБО ЗА ВНИМАНИЕ!
СПАСИБО ЗА ВНИМАНИЕ!
Система MODEUS :https://utmn.modeus.org
Техническая поддержка
Эл. почта: help@modeus.org"
17,как получить справку о размере стипендии?,"По вопросу получения справки о доходах, размере стипендии или пособии необходимо обратиться в Сервисный центр бухгалтерии, написав на почту  12222@utmn.ru  или позвонив (3452) 59-76-76.  Адрес местонахождения: г. Тюмень, ул. Кирова, д.25/1. Часы работы: пн.-чт. 09.00-17.00 пт. 09.00-16.00 обед 12.30-13.15 сб., вс. - выходные дни."
18,"мне не пришла стипендия, что делать?","По вопросу получения справки о доходах, размере стипендии или пособии необходимо обратиться в Сервисный центр бухгалтерии, написав на почту  12222@utmn.ru  или позвонив (3452) 59-76-76.  Адрес местонахождения: г. Тюмень, ул. Кирова, д.25/1. Часы работы: пн.-чт. 09.00-17.00 пт. 09.00-16.00 обед 12.30-13.15 сб., вс. - выходные дни."
19,до какого числа сдать договор по физкультуре?,"Выбор спортивных секций по Физической культуре будет проходить в ИС Модеус во вкладке ""Выбор модулей"".  Вам нужно будет выбрать 2 интересующие Вас спортивные секции, которые будут проходить каждую неделю в одно и то же время.  Ограничения: 1) Записаться можно не более чем на 2 занятия в неделю 2) Нельзя записываться на два занятия подряд.  Вас могут не допустить на занятие, если Вы были на предыдущей паре и/или уже посетили два занятия за неделю. При этом расписание на наличие конфликтов Вы проверяете самостоятельно в соответствии с Вашим расписанием в ИС Модеус и расписанием спортивных секций (во вложенных файлах). Ваш выбор пролонгируется до конца семестра, однако в любой момент Вы можете его изменить, отписавшись от одной секции и записавшись на другую. ВАЖНО!  Студент, пропустивший два занятия подряд, будет отписан автоматически. Выбор Физической культуры откроется 06.09.2023 и будет открыт до конца семестра.  Для успешной аттестации по дисциплине «Физическая культура: элективные курсы по видам спорта» Вы должны набрать не менее 61 балла по балльно-рейтинговой оценочной шкале. Для этого Вы можете: 1) Посещать академические занятия (3 балла за каждое занятие); 2) Принять участие в спортивно-массовых мероприятиях университета: Днях здорового образа жизни, Маршрут Дружбы, Кросс Наций, и других (0-10 баллов за каждое мероприятие). 3) Принять участите в соревнованиях по видам спорта (0 – 60 баллов); 4) Выполнить ВФСК ГТО (0 – 60 баллов). Для оформления посещения спортивного зала вместо практических занятий по физкультуре студент к первому занятию по физической культуре представляет тренеру-преподавателю по спорту (куратору по физкультуре) пакет документов ( https://www.utmn.ru/upload/medialibrary/676/Polozhenie-o-realizatsii-distsiplin-_moduley_-po-fizicheskoy-kulture-_sportu_.pdf ) и приходит на зачётное мероприятие. ВАЖНО!!! Все документы должны быть предоставлены в течение первой учебной недели. Список ответственных за прием документов спортзала по институтам (Ленина, 6):  1. ИГиП, Антропошкола – Пырлич Юлия Васильевна (y.v.pyrlich@utmn.ru) 2. СоцГум- Ерженин Владимир Сергеевич (v.s.erzhenin@utmn.ru) 3. ФЭИ - Копякова Анна Леонидовна (a.l.kopyakova@utmn.ru) 4. ИнЗем  - Питулин Артём Владимирович (a.v.pitulin@utmn.ru) 5. ФТИ, ИнХим, ШЕН –Пырлич Юлия Васильевна (y.v.pyrlich@utmn.ru) 6. ИнБио - Криводанова Наталья Александровна (n.a.krivodanova@utmn.ru) 7. Школа образования - Баянов Николай Ильич (n.i.bayanov@utmn.ru) 8. ШКН - Тверских Владислав Владимирович (vl.v.tverskikh@utmn.ru) Polozhenie-o-realizatsii… #физкультура"
20,до какого числа сдать договор по физре?,"Выбор спортивных секций по Физической культуре будет проходить в ИС Модеус во вкладке ""Выбор модулей"".  Вам нужно будет выбрать 2 интересующие Вас спортивные секции, которые будут проходить каждую неделю в одно и то же время.  Ограничения: 1) Записаться можно не более чем на 2 занятия в неделю 2) Нельзя записываться на два занятия подряд.  Вас могут не допустить на занятие, если Вы были на предыдущей паре и/или уже посетили два занятия за неделю. При этом расписание на наличие конфликтов Вы проверяете самостоятельно в соответствии с Вашим расписанием в ИС Модеус и расписанием спортивных секций (во вложенных файлах). Ваш выбор пролонгируется до конца семестра, однако в любой момент Вы можете его изменить, отписавшись от одной секции и записавшись на другую. ВАЖНО!  Студент, пропустивший два занятия подряд, будет отписан автоматически. Выбор Физической культуры откроется 06.09.2023 и будет открыт до конца семестра.  Для успешной аттестации по дисциплине «Физическая культура: элективные курсы по видам спорта» Вы должны набрать не менее 61 балла по балльно-рейтинговой оценочной шкале. Для этого Вы можете: 1) Посещать академические занятия (3 балла за каждое занятие); 2) Принять участие в спортивно-массовых мероприятиях университета: Днях здорового образа жизни, Маршрут Дружбы, Кросс Наций, и других (0-10 баллов за каждое мероприятие). 3) Принять участите в соревнованиях по видам спорта (0 – 60 баллов); 4) Выполнить ВФСК ГТО (0 – 60 баллов). Для оформления посещения спортивного зала вместо практических занятий по физкультуре студент к первому занятию по физической культуре представляет тренеру-преподавателю по спорту (куратору по физкультуре) пакет документов ( https://www.utmn.ru/upload/medialibrary/676/Polozhenie-o-realizatsii-distsiplin-_moduley_-po-fizicheskoy-kulture-_sportu_.pdf ) и приходит на зачётное мероприятие. ВАЖНО!!! Все документы должны быть предоставлены в течение первой учебной недели. Список ответственных за прием документов спортзала по институтам (Ленина, 6):  1. ИГиП, Антропошкола – Пырлич Юлия Васильевна (y.v.pyrlich@utmn.ru) 2. СоцГум- Ерженин Владимир Сергеевич (v.s.erzhenin@utmn.ru) 3. ФЭИ - Копякова Анна Леонидовна (a.l.kopyakova@utmn.ru) 4. ИнЗем  - Питулин Артём Владимирович (a.v.pitulin@utmn.ru) 5. ФТИ, ИнХим, ШЕН –Пырлич Юлия Васильевна (y.v.pyrlich@utmn.ru) 6. ИнБио - Криводанова Наталья Александровна (n.a.krivodanova@utmn.ru) 7. Школа образования - Баянов Николай Ильич (n.i.bayanov@utmn.ru) 8. ШКН - Тверских Владислав Владимирович (vl.v.tverskikh@utmn.ru) Polozhenie-o-realizatsii… #физкультура"
21,кому отдать договор по физре?,"Выбор спортивных секций по Физической культуре будет проходить в ИС Модеус во вкладке ""Выбор модулей"".  Вам нужно будет выбрать 2 интересующие Вас спортивные секции, которые будут проходить каждую неделю в одно и то же время.  Ограничения: 1) Записаться можно не более чем на 2 занятия в неделю 2) Нельзя записываться на два занятия подряд.  Вас могут не допустить на занятие, если Вы были на предыдущей паре и/или уже посетили два занятия за неделю. При этом расписание на наличие конфликтов Вы проверяете самостоятельно в соответствии с Вашим расписанием в ИС Модеус и расписанием спортивных секций (во вложенных файлах). Ваш выбор пролонгируется до конца семестра, однако в любой момент Вы можете его изменить, отписавшись от одной секции и записавшись на другую. ВАЖНО!  Студент, пропустивший два занятия подряд, будет отписан автоматически. Выбор Физической культуры откроется 06.09.2023 и будет открыт до конца семестра.  Для успешной аттестации по дисциплине «Физическая культура: элективные курсы по видам спорта» Вы должны набрать не менее 61 балла по балльно-рейтинговой оценочной шкале. Для этого Вы можете: 1) Посещать академические занятия (3 балла за каждое занятие); 2) Принять участие в спортивно-массовых мероприятиях университета: Днях здорового образа жизни, Маршрут Дружбы, Кросс Наций, и других (0-10 баллов за каждое мероприятие). 3) Принять участите в соревнованиях по видам спорта (0 – 60 баллов); 4) Выполнить ВФСК ГТО (0 – 60 баллов). Для оформления посещения спортивного зала вместо практических занятий по физкультуре студент к первому занятию по физической культуре представляет тренеру-преподавателю по спорту (куратору по физкультуре) пакет документов ( https://www.utmn.ru/upload/medialibrary/676/Polozhenie-o-realizatsii-distsiplin-_moduley_-po-fizicheskoy-kulture-_sportu_.pdf ) и приходит на зачётное мероприятие. ВАЖНО!!! Все документы должны быть предоставлены в течение первой учебной недели. Список ответственных за прием документов спортзала по институтам (Ленина, 6):  1. ИГиП, Антропошкола – Пырлич Юлия Васильевна (y.v.pyrlich@utmn.ru) 2. СоцГум- Ерженин Владимир Сергеевич (v.s.erzhenin@utmn.ru) 3. ФЭИ - Копякова Анна Леонидовна (a.l.kopyakova@utmn.ru) 4. ИнЗем  - Питулин Артём Владимирович (a.v.pitulin@utmn.ru) 5. ФТИ, ИнХим, ШЕН –Пырлич Юлия Васильевна (y.v.pyrlich@utmn.ru) 6. ИнБио - Криводанова Наталья Александровна (n.a.krivodanova@utmn.ru) 7. Школа образования - Баянов Николай Ильич (n.i.bayanov@utmn.ru) 8. ШКН - Тверских Владислав Владимирович (vl.v.tverskikh@utmn.ru) Polozhenie-o-realizatsii… #физкультура"
22,кому отдать договор фитнес-клуба?,"Выбор спортивных секций по Физической культуре будет проходить в ИС Модеус во вкладке ""Выбор модулей"".  Вам нужно будет выбрать 2 интересующие Вас спортивные секции, которые будут проходить каждую неделю в одно и то же время.  Ограничения: 1) Записаться можно не более чем на 2 занятия в неделю 2) Нельзя записываться на два занятия подряд.  Вас могут не допустить на занятие, если Вы были на предыдущей паре и/или уже посетили два занятия за неделю. При этом расписание на наличие конфликтов Вы проверяете самостоятельно в соответствии с Вашим расписанием в ИС Модеус и расписанием спортивных секций (во вложенных файлах). Ваш выбор пролонгируется до конца семестра, однако в любой момент Вы можете его изменить, отписавшись от одной секции и записавшись на другую. ВАЖНО!  Студент, пропустивший два занятия подряд, будет отписан автоматически. Выбор Физической культуры откроется 06.09.2023 и будет открыт до конца семестра.  Для успешной аттестации по дисциплине «Физическая культура: элективные курсы по видам спорта» Вы должны набрать не менее 61 балла по балльно-рейтинговой оценочной шкале. Для этого Вы можете: 1) Посещать академические занятия (3 балла за каждое занятие); 2) Принять участие в спортивно-массовых мероприятиях университета: Днях здорового образа жизни, Маршрут Дружбы, Кросс Наций, и других (0-10 баллов за каждое мероприятие). 3) Принять участите в соревнованиях по видам спорта (0 – 60 баллов); 4) Выполнить ВФСК ГТО (0 – 60 баллов). Для оформления посещения спортивного зала вместо практических занятий по физкультуре студент к первому занятию по физической культуре представляет тренеру-преподавателю по спорту (куратору по физкультуре) пакет документов ( https://www.utmn.ru/upload/medialibrary/676/Polozhenie-o-realizatsii-distsiplin-_moduley_-po-fizicheskoy-kulture-_sportu_.pdf ) и приходит на зачётное мероприятие. ВАЖНО!!! Все документы должны быть предоставлены в течение первой учебной недели. Список ответственных за прием документов спортзала по институтам (Ленина, 6):  1. ИГиП, Антропошкола – Пырлич Юлия Васильевна (y.v.pyrlich@utmn.ru) 2. СоцГум- Ерженин Владимир Сергеевич (v.s.erzhenin@utmn.ru) 3. ФЭИ - Копякова Анна Леонидовна (a.l.kopyakova@utmn.ru) 4. ИнЗем  - Питулин Артём Владимирович (a.v.pitulin@utmn.ru) 5. ФТИ, ИнХим, ШЕН –Пырлич Юлия Васильевна (y.v.pyrlich@utmn.ru) 6. ИнБио - Криводанова Наталья Александровна (n.a.krivodanova@utmn.ru) 7. Школа образования - Баянов Николай Ильич (n.i.bayanov@utmn.ru) 8. ШКН - Тверских Владислав Владимирович (vl.v.tverskikh@utmn.ru) Polozhenie-o-realizatsii… #физкультура"
23,как получить справку об обучении?,"Студенты очной формы обучения оформляют справку о подтверждении обучения самостоятельно с помощью магнитной карты в любом из терминалов, расположенных на территории Университета: в холле 1 этажа Единого деканата (ул. Семакова, д. 18), Школы компьютерных наук (ул. Перекопская, д.15а), Института государства и права (ул. Ленина, д.38), Финансово-экономического института (ул. Ленина, 16), Школы образования (проезд 9 Мая, д.5) При отсутствии магнитной карты Вы можете обратиться к специалисту Единого деканата (ул. Семакова, д.18, 3 этаж, холл) и подать заявление на ее восстановление. При себе необходимо иметь паспорт или студенческий билет.  Студенты заочной и очно-заочной форм обучения могут заказать справку об обучении, написав на почту Единого деканата (ed@utmn.ru)"
24,как получить справку о месте учёбы?,"Студенты очной формы обучения оформляют справку о подтверждении обучения самостоятельно с помощью магнитной карты в любом из терминалов, расположенных на территории Университета: в холле 1 этажа Единого деканата (ул. Семакова, д. 18), Школы компьютерных наук (ул. Перекопская, д.15а), Института государства и права (ул. Ленина, д.38), Финансово-экономического института (ул. Ленина, 16), Школы образования (проезд 9 Мая, д.5) При отсутствии магнитной карты Вы можете обратиться к специалисту Единого деканата (ул. Семакова, д.18, 3 этаж, холл) и подать заявление на ее восстановление. При себе необходимо иметь паспорт или студенческий билет.  Студенты заочной и очно-заочной форм обучения могут заказать справку об обучении, написав на почту Единого деканата (ed@utmn.ru)"
25,как закрыть физкультуру?,"Выбор спортивных секций по Физической культуре будет проходить в ИС Модеус во вкладке ""Выбор модулей"".  Вам нужно будет выбрать 2 интересующие Вас спортивные секции, которые будут проходить каждую неделю в одно и то же время.  Ограничения: 1) Записаться можно не более чем на 2 занятия в неделю 2) Нельзя записываться на два занятия подряд.  Вас могут не допустить на занятие, если Вы были на предыдущей паре и/или уже посетили два занятия за неделю. При этом расписание на наличие конфликтов Вы проверяете самостоятельно в соответствии с Вашим расписанием в ИС Модеус и расписанием спортивных секций (во вложенных файлах). Ваш выбор пролонгируется до конца семестра, однако в любой момент Вы можете его изменить, отписавшись от одной секции и записавшись на другую. ВАЖНО!  Студент, пропустивший два занятия подряд, будет отписан автоматически. Выбор Физической культуры откроется 06.09.2023 и будет открыт до конца семестра.  Для успешной аттестации по дисциплине «Физическая культура: элективные курсы по видам спорта» Вы должны набрать не менее 61 балла по балльно-рейтинговой оценочной шкале. Для этого Вы можете: 1) Посещать академические занятия (3 балла за каждое занятие); 2) Принять участие в спортивно-массовых мероприятиях университета: Днях здорового образа жизни, Маршрут Дружбы, Кросс Наций, и других (0-10 баллов за каждое мероприятие). 3) Принять участите в соревнованиях по видам спорта (0 – 60 баллов); 4) Выполнить ВФСК ГТО (0 – 60 баллов). Для оформления посещения спортивного зала вместо практических занятий по физкультуре студент к первому занятию по физической культуре представляет тренеру-преподавателю по спорту (куратору по физкультуре) пакет документов ( https://www.utmn.ru/upload/medialibrary/676/Polozhenie-o-realizatsii-distsiplin-_moduley_-po-fizicheskoy-kulture-_sportu_.pdf ) и приходит на зачётное мероприятие. ВАЖНО!!! Все документы должны быть предоставлены в течение первой учебной недели. Список ответственных за прием документов спортзала по институтам (Ленина, 6):  1. ИГиП, Антропошкола – Пырлич Юлия Васильевна (y.v.pyrlich@utmn.ru) 2. СоцГум- Ерженин Владимир Сергеевич (v.s.erzhenin@utmn.ru) 3. ФЭИ - Копякова Анна Леонидовна (a.l.kopyakova@utmn.ru) 4. ИнЗем  - Питулин Артём Владимирович (a.v.pitulin@utmn.ru) 5. ФТИ, ИнХим, ШЕН –Пырлич Юлия Васильевна (y.v.pyrlich@utmn.ru) 6. ИнБио - Криводанова Наталья Александровна (n.a.krivodanova@utmn.ru) 7. Школа образования - Баянов Николай Ильич (n.i.bayanov@utmn.ru) 8. ШКН - Тверских Владислав Владимирович (vl.v.tverskikh@utmn.ru) Polozhenie-o-realizatsii… #физкультура"
